"","Key","measure.used","measure.type","Setting","PreN","EffectSize","Sample.Variance","group"
"1","Abbass2002","Yes","BDI","Outpatient",101,1.12184899633362,0.0157947780721523,"depression"
"2","Abbass2006","Yes","BSI (Depression)","Outpatient",10,2.11751499317787,0.316793487316653,"depression"
"3","Abbass2008","Yes","BSI (Depression)","Outpatient",30,0.616787490244593,0.0330071134687037,"depression"
"4","Abbass2013","Yes","BSI (Depression)","Residential",23,0.702145933665916,0.04515236765573,"depression"
"5","Archer2000","Yes","GHQ (Depression)","Outpatient",89,0.580473607942481,0.0108817393793133,"depression"
"6","Ashworth2015","Yes","HADS (Depression)","Outpatient",12,1.12508530581891,0.122742372723735,"depression"
"7","Askey-Jones2013","Yes","HADS (Depression)","Outpatient",20,0.986823727305307,0.0643455267193185,"depression"
"8","Asnaani2020","Yes","BDI","Outpatient",453,0.872657924537639,0.00260654729940214,"depression"
"9","Bäck2017","Yes","PHQ-9","Outpatient",31,1.52054381470523,0.063097636974812,"depression"
"10","Back2020","Yes","PHQ-9","Outpatient",16,1.67820049931248,0.174761153621646,"depression"
"11","Bados2007","Yes","DASS (Depression)","Outpatient",38,0.818101223002944,0.0451222317247225,"depression"
"12","Bales2012","Yes","BDI","Residential",45,1.19420433680599,0.0336235999782914,"depression"
"13","Ballesteros2014","Yes","BDI","Outpatient",23,0.993013088383389,0.0562190216021895,"depression"
"14","Beard2016","Yes","CESD-10","Residential",956,1.60243626658715,0.00217981275547792,"depression"
"15","Ben-Porath2004","Yes","SCL (Depression)","Outpatient",23,0.596796573117842,0.042525351080113,"depression"
"16","Bjorgvinsson2014","Yes","CESD-10","Residential",951,1.08378294110551,0.00145877258855484,"depression"
"17","Boettcher2019","Yes","BDI","Outpatient",105,1.01,0.0342990923076923,"depression"
"18","Buckley(Qualified)","Yes","BDI","Outpatient",60,0.705352431843864,0.0174793504425671,"depression"
"19","Buckley(Trainees)","Yes","BDI","Outpatient",60,0.932332206872534,0.0205770278664317,"depression"
"20","Byrne2011","Yes","DASS (Depression)","Outpatient",125,0.403885653102563,0.00705249448312834,"depression"
"21","Cahill2003","Yes","BDI","Outpatient",58,1.99086063159695,0.0479614315038156,"depression"
"22","Carney2011","Yes","BDI","Outpatient",24,1.40742059678711,0.0746006820054287,"depression"
"23","Chase2015","Yes","BDI","Mixed",134,1.98565153422676,0.0206821343857354,"depression"
"24","Christiansen2015","Yes","CESD-10","Outpatient",85,0.0803546196121535,0.00944974626407655,"depression"
"25","Clapp2013","Yes","BDI","Residential",1084,1.33291634321838,0.00214790866144772,"depression"
"26","Douglas2016","Yes","PHQ-9","Outpatient",28,0.718499853571634,0.0377900364211154,"depression"
"27","Ehlers2013","Yes","BDI","Outpatient",330,0.973093804018265,0.003858956896089,"depression"
"28","Estupina2012","Yes","BDI","Outpatient",69,2.06186081927208,0.0424005075220966,"depression"
"29","Falkenstrom2010","Yes","SCL (Depression)","Outpatient",56,1.09587878107057,0.0250084848464349,"depression"
"30","Fizke2017(2002)","Yes","SCL (Depression)","Residential",234,1.11687070518308,0.00608418840191483,"depression"
"31","Fizke2017(2010)","Yes","SCL (Depression)","Residential",514,1.20062208542881,0.00295865115955197,"depression"
"32","Forand2011","Yes","BDI","Outpatient",249,0.954091718496353,0.00504074499458499,"depression"
"33","Fortune2005","Yes","BDI","Outpatient",48,0.925395633991492,0.0255870529105262,"depression"
"34","Fowler2017","Yes","PHQ-9","Residential",994,1.17244686952719,0.00149629359248698,"depression"
"35","Fowler2018","Yes","PHQ-9","Residential",245,1.19391125198206,0.00617433485226403,"depression"
"36","Galili-Weinstock2018","Yes","BDI","Outpatient",112,0.285351212730737,0.00750636301163796,"depression"
"37","Gamble2013","Yes","BDI","Outpatient",14,1.48535950867061,0.135939031071365,"depression"
"38","Ghafoori2019(CBT)","Yes","BSI (Depression)","Outpatient",88,0.607391870733095,0.0193007095717764,"depression"
"39","Ghafoori2019(Eclectic)","Yes","BSI (Depression)","Outpatient",95,2.26609908374913,0.037216868722993,"depression"
"40","Ghafoori2019(PCT)","Yes","BSI (Depression)","Outpatient",206,0.856065308000814,0.00614768886301585,"depression"
"41","Ghafoori2019(PE)","Yes","BSI (Depression)","Outpatient",137,1.06183731184109,0.0135602134190435,"depression"
"42","Gibons2010","Yes","BDI","Outpatient",217,1.05691842056016,0.00626054504082805,"depression"
"43","Gillespie2002","Yes","BDI","Outpatient",33,1.68792151794411,0.0674102886475568,"depression"
"44","Gordon2001","Yes","MMPI (Depression)","Outpatient",55,1.05167622973821,0.0271456626563307,"depression"
"45","Graca2014(CPT)","Yes","BDI","Residential",17,0.384741840649107,0.0514125377631195,"depression"
"46","Graca2014(EMDR)","Yes","BDI","Residential",17,0.466508191798092,0.0534597027357272,"depression"
"47","Haase2008","Yes","SCL (Depression)","Residential",158,1.22,0.01,"depression"
"48","Hahlweg2001","Yes","BDI","Outpatient",400,0.924184190367756,0.00316764552215713,"depression"
"49","Halje2015","Yes","HADS (Depression)","Outpatient",607,0.58,0.002,"depression"
"50","Harte2016(Dep)","Yes","BDI","Outpatient",32,0.898077429625717,0.037602235462549,"depression"
"51","Harte2016(Dep+PD)","Yes","BDI","Outpatient",28,0.852983140348516,0.0415639328164074,"depression"
"52","Hilsenroth2003","Yes","SCL (Depression)","Outpatient",20,1.25352999028932,0.0792834359138685,"depression"
"53","Hirsch(Anxiety)","Yes","BDI","Outpatient",37,0.379259964806631,0.0235653800122314,"depression"
"54","Hirsch(Depression)","Yes","BDI","Outpatient",32,0.66155729915701,0.0318384071885612,"depression"
"55","Hitt2018","Yes","PHQ-9","Outpatient",76,3.0801702624144,0.0729437424043551,"depression"
"56","Jakupcak2010","Yes","BDI","Outpatient",6,1.28,0.291072,"depression"
"57","Jepsen2009","Yes","BDI","Residential",34,0.222623527017271,0.0242582534526707,"depression"
"58","Jepsen2014","Yes","BDI","Residential",56,0.468931123923968,0.0142133607052196,"depression"
"59","Jolley2015b","Yes","BDI","Outpatient",9,0.158137810279079,0.0902781981688812,"depression"
"60","Jones2012","Yes","BDI","Outpatient",17,1.23510150850862,0.0919257569505958,"depression"
"61","Jordan2019","Yes","PHQ-9","Outpatient",27,1.82829815228904,0.0915310024752503,"depression"
"62","Karlin2019","Yes","PHQ-9","Outpatient",36,1.22495632148088,0.0430627498546663,"depression"
"63","Kehle2008","Yes","BDI","Outpatient",29,0.129418328512172,0.027874984547498,"depression"
"64","Kikuchi2019","Yes","CESD-10","Mixed",7,0.894174531587043,0.171396292352779,"depression"
"65","Knott2015","Yes","BDI","Outpatient",246,0.819547291184754,0.00648710927335014,"depression"
"66","Kobori2014(BN)","Yes","PHQ-9","Outpatient",10,0.473553353019777,0.0912126389078137,"depression"
"67","Kobori2014(OCD)","Yes","PHQ-9","Outpatient",14,0.805241720329834,0.0803005081485625,"depression"
"68","Kobori2014(SAD)","Yes","PHQ-9","Outpatient",19,0.594353233051059,0.051401467516796,"depression"
"69","Kolly2015","Yes","BDI","Outpatient",13,0.592904322203197,0.0750590590495089,"depression"
"70","Levitt2007","Yes","BDI","Outpatient",59,0.73,0.02,"depression"
"71","Liness2019","Yes","PHQ-9","Outpatient",488,1.8,0.00429508,"depression"
"72","Lopez2011","Yes","BDI","Outpatient",40,1.19614604937931,0.0378845671430717,"depression"
"73","Lopez2015","Yes","BDI","Outpatient",83,1,0.0144578313253012,"depression"
"74","LoSavio2019","Yes","PHQ-9","Outpatient",232,0.921212962851115,0.00527722698906235,"depression"
"75","Low2001","Yes","BDI","Residential",10,0.702980685994271,0.104709092244049,"depression"
"76","Lu2009","Yes","BDI","Outpatient",14,0.373502337533011,0.0621251427193794,"depression"
"77","Marriott2009(MediumCAT)","Yes","BDI","Outpatient",27,1.56427814387729,0.0749438168780035,"depression"
"78","Marriott2009(MediumCBT)","Yes","BDI","Outpatient",27,2.29618648113917,0.127268006595672,"depression"
"79","Marriott2009(MediumPCT)","Yes","BDI","Outpatient",25,1.12319869895833,0.0572315063468336,"depression"
"80","Marriott2009(ShortCAT)","Yes","BDI","Outpatient",38,1.45646379434544,0.04896429979262,"depression"
"81","Marriott2009(ShortCBT)","Yes","BDI","Outpatient",38,2.13683155261963,0.081132224793037,"depression"
"82","Marriott2009(ShortPCT)","Yes","BDI","Outpatient",38,1.23510819651303,0.0411248981196534,"depression"
"83","McAleavey2019","Yes","CCAPS (Depression)","Outpatient",9895,0.639951484319369,0.000101543097639341,"depression"
"84","McBride2010","Yes","BDI","Outpatient",74,1.64462326845886,0.0290863898321373,"depression"
"85","McDevitt2018","Yes","PHQ-9","Outpatient",163,1.28510781173218,0.00997393278458609,"depression"
"86","McEvoy2014","Yes","BDI","Outpatient",85,1.02828528746598,0.0156315919554059,"depression"
"87","Merill2003","Yes","BDI","Outpatient",160,1.40904008914009,0.0112043561650122,"depression"
"88","Mitsopoulou2020","Yes","BDI","Outpatient",11,0.933730674815624,0.112356953322347,"depression"
"89","Moorhead1999","Yes","BDI","Outpatient",20,1.34,0.08,"depression"
"90","Morley2008","Yes","BDI","Residential",833,0.627652982659268,0.00110080928369812,"depression"
"91","Ost2012","Yes","BDI","Outpatient",546,0.743161388879346,0.00197096048527571,"depression"
"92","Paine2019","Yes","TOP (Depression)","Outpatient",269,0.440757084545921,0.00333506841557141,"depression"
"93","Paley2008","Yes","BDI","Outpatient",62,0.883551616879522,0.0191988988684711,"depression"
"94","Pereira2017","Yes","PHQ-9","Outpatient",4980,0.569560026531427,0.000193212713235189,"depression"
"95","Persons1988","Yes","BDI","Outpatient",70,1.37994881669207,0.0250304195477847,"depression"
"96","Persons2006","Yes","BDI","Outpatient",38,1.39938367092609,0.0468194034007181,"depression"
"97","Persons2019","Yes","BDI","Outpatient",82,1.92560004235331,0.0323654605067749,"depression"
"98","Pfund2018","Yes","BDI","Outpatient",334,0.701611182947449,0.00325188361083371,"depression"
"99","Plagge2013","Yes","PHQ-9","Outpatient",30,0.818940327956337,0.0378443876792206,"depression"
"100","Pybis2017(CBT)","Yes","PHQ-9","Outpatient",23595,0.935553081649085,0.0000524530529473003,"depression"
"101","Pybis2017(PCC)","Yes","PHQ-9","Outpatient",9648,0.946298662397926,0.000129326345276539,"depression"
"102","Rauch2009","Yes","BDI","Outpatient",7,1.05972455914944,0.194501152947463,"depression"
"103","Renaud2013","Yes","BDI","Outpatient",51,1.25440556430163,0.0393483658799107,"depression"
"104","Richards2011","Yes","PHQ-9","Outpatient",219,1.19085191465454,0.00689070384163557,"depression"
"105","Ritschel2012","Yes","BDI","Outpatient",55,0.472957632262502,0.0154880811083214,"depression"
"106","Rizvi2017","Yes","BDI","Outpatient",50,0.896182803633531,0.0240314361752846,"depression"
"107","Rocco2014","Yes","SCL (Depression)","Outpatient",8,0.435038158860123,0.111828637479025,"depression"
"108","Rose2017","Yes","PHQ-9","Outpatient",47,1.09128406380038,0.0352223500840924,"depression"
"109","Ryle2000","Yes","BDI","Outpatient",26,0.75958232801919,0.0418647175584433,"depression"
"110","Sadock2014","Yes","PHQ-9","Outpatient",26,0.333812412654863,0.032912129362355,"depression"
"111","Sarnholm2017","Yes","PHQ-9","Outpatient",19,0.60482932233077,0.089153118661871,"depression"
"112","Sauer-Zavala2019","Yes","PHQ-9","Outpatient",6,-0.22509747333589,0.242889072708517,"depression"
"113","Schindler2011","Yes","BDI","Outpatient",338,1.41959509535519,0.00534800330585282,"depression"
"114","Schnicker2013(AN)","Yes","BDI","Outpatient",21,1.05249795435523,0.064470284379094,"depression"
"115","Schnicker2013(BN)","Yes","BDI","Outpatient",28,2.07253271285932,0.105274854390571,"depression"
"116","Schwartz2017","Yes","PHQ-9","Outpatient",19,1.02892755265979,0.0699655765426964,"depression"
"117","Signorini2018","Yes","DASS (Depression)","Outpatient",111,0.335792373615616,0.0077151194512541,"depression"
"118","SlavinMulford2011","Yes","BSI (Depression)","Outpatient",21,0.661983335047396,0.0694814746638208,"depression"
"119","Smout2019","Yes","BDI","Outpatient",342,0.902255946730297,0.00387436519504413,"depression"
"120","Stiles2003","Yes","BDI","Outpatient",119,1.11523345382262,0.0119485111618703,"depression"
"121","Strepparava2016","Yes","SCL (Depression)","Outpatient",45,0.500267543899302,0.0285585290608782,"depression"
"122","Talbot2005","Yes","BDI","Outpatient",25,1.15316084394663,0.0585955986402339,"depression"
"123","Timmons2013","Yes","BDI","Outpatient",46,0.96,0.00640588235294118,"depression"
"124","Trockel2015","Yes","BDI","Outpatient",405,0.58568675897551,0.00239880120943116,"depression"
"125","Turner2015","Yes","HADS (Depression)","Outpatient",116,0.510528915889241,0.00801999902568554,"depression"
"126","Tuschen2001","Yes","BDI","Outpatient",71,0.64,0.0254052173913043,"depression"
"127","Vanderlem2012(Individual Psychotherapy)","Yes","BDI","Outpatient",170,0.85,0.0135752112676056,"depression"
"128","VanRijn2014(Spain)","Yes","PHQ-9","Outpatient",263,0.676940089525828,0.00391301879240919,"depression"
"129","VonBrachel2019","Yes","BDI","Outpatient",193,0.882337038131627,0.00616196541155153,"depression"
"130","Waller2013","Yes","CESD-10","Outpatient",12,0.88930582921181,0.099619369077921,"depression"
"131","Waller2014","Yes","BDI","Outpatient",78,1.02581209124768,0.0146428874778842,"depression"
"132","Waller2018","Yes","PHQ-9","Outpatient",93,0.90719969744706,0.0141452219948819,"depression"
"133","Walser2015","Yes","BDI","Outpatient",981,1.01450354055879,0.00134007004781158,"depression"
"134","Westbrook2005","Yes","BDI","Outpatient",776,0.675535851936831,0.00132496693766238,"depression"
"135","Wilkinson2017","Yes","PHQ-9","Outpatient",26,0.479,0.0115051428571429,"depression"
"136","Wolf2018","Yes","BDI","Mixed",44,1.40509004120007,0.0406167957259047,"depression"
"137","Wright2015","Yes","PHQ-9","Outpatient",24,0.456458889486844,0.0493407232873242,"depression"
"138","Young2017(BSL)","Yes","PHQ-9","Outpatient",429,1.15542430441222,0.00469347939769985,"depression"
"139","Young2017(IAPT)","Yes","PHQ-9","Outpatient",116,1.03118806685258,0.0161868484018067,"depression"
"140","Zieve2019","Yes","BDI","Outpatient",410,0.716212816407908,0.00199141560778896,"depression"
"141","Abbass2002","Yes","BAI","Outpatient",94,1.04102410039441,0.0157219743489467,"anxiety"
"142","Abbass2008","Yes","BSI (Anxiety)","Outpatient",30,0.791273424984839,0.0371018938847873,"anxiety"
"143","Abbass2013","Yes","BSI (Anxiety)","Residential",23,0.750906067948272,0.0522578244104681,"anxiety"
"144","Archer2000","Yes","GHQ (Anxiety & Insomnia)","Outpatient",89,0.406331525559737,0.00991632195878485,"anxiety"
"145","Ashworth2015","Yes","HADS (Anxiety)","Outpatient",12,0.980625458673932,0.120067762091644,"anxiety"
"146","Askey-Jones2013","Yes","HADS (Anxiety)","Outpatient",20,1.13622041774708,0.0722749209426334,"anxiety"
"147","Asnaani2020","Yes","BAI","Outpatient",146,1.22222689719756,0.0105953376309356,"anxiety"
"148","Bados2007","Yes","DASS (Anxiety)","Outpatient",38,0.67372074113363,0.0439723636451796,"anxiety"
"149","Ballesteros2014","Yes","BSQ","Outpatient",15,1.077219973541,0.0920134290465223,"anxiety"
"150","Ben-Porath2004","Yes","SCL (Anxiety)","Outpatient",23,0.247013295643758,0.0361090340918433,"anxiety"
"151","Bitran2008","Yes","PSDD","Outpatient",32,1.84103501227134,0.0779595299438897,"anxiety"
"152","Bjorgvinsson2014","Yes","PSWQ","Residential",951,0.45678184404645,0.000950919901708978,"anxiety"
"153","Boettcher2019","Yes","SPS","Outpatient",105,0.98,0.01,"anxiety"
"154","Butler2020","Yes","SIAS-S","Outpatient",93,0.866474235277089,0.0126385892494571,"anxiety"
"155","Byrne2011","Yes","DASS (Anxiety)","Outpatient",125,0.291326464488716,0.00673948443564598,"anxiety"
"156","Douglas2016","Yes","GAD-7","Outpatient",28,0.761184878491178,0.0389179003436362,"anxiety"
"157","Ehlers2013","Yes","BAI","Outpatient",330,1.01603182092451,0.00398836463807755,"anxiety"
"158","Falkenstrom2010","Yes","SCL (Anxiety)","Outpatient",56,0.986290902963509,0.022971158439898,"anxiety"
"159","Forand2011","Yes","BAI","Outpatient",249,0.571182015462178,0.00386796966824786,"anxiety"
"160","Fortune2005","Yes","BAI","Outpatient",48,0.7347379289787,0.0222899981695824,"anxiety"
"161","Fowler2017","Yes","GAD-7","Residential",994,1.07982872422546,0.00139136321612797,"anxiety"
"162","Fowler2018","Yes","GAD-7","Residential",245,1.05402940683626,0.00553260814382775,"anxiety"
"163","Gordon2001","Yes","MMPI (Anxiety)","Outpatient",55,1.18557659332989,0.0298690168968337,"anxiety"
"164","Graca2014(CPT)","Yes","BAI","Residential",17,-0.0136725635064813,0.0470643217350835,"anxiety"
"165","Graca2014(EMDR)","Yes","BAI","Residential",17,0.274547641665076,0.0492757766924663,"anxiety"
"166","Gropalis2012 (Anxiety)","Yes","BSI (Anxiety)","Outpatient",224,0.622895228831307,0.00443749657611787,"anxiety"
"167","Gropalis2012 (Hypercondriasis)","Yes","BSI (Anxiety)","Outpatient",65,0.439212256795056,0.0137915954347616,"anxiety"
"168","Gropalis2012 (Somatoform)","Yes","BSI (Anxiety)","Outpatient",94,0.495955052454319,0.0098189968832711,"anxiety"
"169","Haase2008","Yes","SCL (Anxiety)","Residential",158,1,0.06,"anxiety"
"170","Hahlweg2001","Yes","BAI","Outpatient",399,1.06250866005856,0.00427183540438526,"anxiety"
"171","Halje2015","Yes","HADS (Anxiety)","Outpatient",607,0.58,0.002,"anxiety"
"172","Harte2016(GAD)","Yes","PSWQ","Outpatient",22,1.79997318839761,0.109997806339779,"anxiety"
"173","Harte2016(GAD+PD)","Yes","PSWQ","Outpatient",17,2.03477541595792,0.16883267627608,"anxiety"
"174","Harte2016(Panic)","Yes","PAI","Outpatient",53,1.01736459771171,0.0248587804214821,"anxiety"
"175","Harte2016(Panic+PD)","Yes","PAI","Outpatient",22,1.14599379119138,0.0662114038511181,"anxiety"
"176","Harte2016(Phobia)","Yes","BAI","Outpatient",14,1.26544366123053,0.114333844991019,"anxiety"
"177","Harte2016(Phobia+PD)","Yes","BAI","Outpatient",5,0.297512224818704,0.168851352391657,"anxiety"
"178","Harte2016(SAD)","Yes","ASC","Outpatient",50,1.67269197466099,0.0439789844209528,"anxiety"
"179","Harte2016(SAD+PD)","Yes","ASC","Outpatient",38,2.19374174026671,0.0843750371445844,"anxiety"
"180","Hirsch(Anxiety)","Yes","BAI","Outpatient",41,0.216868301157537,0.0200857543908165,"anxiety"
"181","Hirsch(Depression)","Yes","BAI","Outpatient",37,0.818672938665518,0.0306787213581518,"anxiety"
"182","Hitt2018","Yes","HADS (Anxiety)","Outpatient",76,2.09684641186695,0.0394524004931533,"anxiety"
"183","Jepsen2009","Yes","SCL (Anxiety)","Residential",34,0.12213374051642,0.0237487742731255,"anxiety"
"184","Jolley2015b","Yes","BAI","Outpatient",9,0.259527208431968,0.092630798439805,"anxiety"
"185","Jordan2019","Yes","GAD-7","Outpatient",27,1.96620418201431,0.101221460840196,"anxiety"
"186","Karlin2019","Yes","GAD-7","Outpatient",36,1.25740014553196,0.0441813211942194,"anxiety"
"187","Kehle2008","Yes","PSWQ","Outpatient",29,0.21851951247248,0.0284094961608829,"anxiety"
"188","Knott2015","Yes","BAI","Outpatient",246,0.468152753747186,0.00516090853829486,"anxiety"
"189","Kobori2014(BN)","Yes","GAD-7","Outpatient",10,0.46739026328606,0.0909226829107306,"anxiety"
"190","Kobori2014(OCD)","Yes","GAD-7","Outpatient",14,0.680248426750902,0.073669211503467,"anxiety"
"191","Kobori2014(SAD)","Yes","GAD-7","Outpatient",19,0.58504679330118,0.051112625009263,"anxiety"
"192","Liness2019","Yes","GAD-7","Outpatient",1089,1.38,0.00323,"anxiety"
"193","McAleavey2019","Yes","CCAPS (Anxiety)","Outpatient",9895,0.45914886470618,0.0000866507165215247,"anxiety"
"194","McDevitt2018","Yes","GAD-7","Outpatient",163,1.74425344218129,0.0142405523636849,"anxiety"
"195","McEvoy2014","Yes","BAI","Outpatient",83,0.871414365740746,0.0142130301013214,"anxiety"
"196","Mitsopoulou2020","Yes","BAI","Outpatient",11,1.13568690221918,0.131353851812373,"anxiety"
"197","Moorhead1999","Yes","STAI","Outpatient",20,0.93,0.05,"anxiety"
"198","Morley2008","Yes","HADS (Anxiety)","Residential",720,0.48336602962601,0.00121780744346973,"anxiety"
"199","Ost2012","Yes","BAI","Outpatient",546,0.975126101805289,0.0023359623758443,"anxiety"
"200","Paine2019","Yes","TOP  (Anxiety)","Outpatient",269,0.404318641536264,0.0032778319031482,"anxiety"
"201","Pereira2017","Yes","GAD-7","Outpatient",4976,0.553599722196557,0.000191566785813515,"anxiety"
"202","Persons2006","Yes","Burns AS","Outpatient",56,0.964127062447475,0.022585187433425,"anxiety"
"203","Richards2011","Yes","GAD-7","Outpatient",219,1.31094440567186,0.00757665578712865,"anxiety"
"204","Ritschel2012","Yes","SAS","Outpatient",56,0.36540295501359,0.0101207082101131,"anxiety"
"205","Rocco2014","Yes","SCL (Anxiety)","Outpatient",8,1.7635333094372,0.294378108343408,"anxiety"
"206","Sadock2014","Yes","GAD-7","Outpatient",10,0.801374272735459,0.112110036250114,"anxiety"
"207","Sarnholm2017","Yes","GAD-7","Outpatient",19,0.750587740099672,0.0771311040944193,"anxiety"
"208","Sauer-Zavala2019","Yes","GAD-7","Outpatient",6,0.425296757403496,0.0547397776548274,"anxiety"
"209","Schnicker2013(AN)","Yes","BSI (Anxiety)","Outpatient",17,0.877859003960262,0.0697246009068854,"anxiety"
"210","Schnicker2013(BN)","Yes","BSI (Anxiety)","Outpatient",21,1.13093478966818,0.0685479404400429,"anxiety"
"211","Signorini2018","Yes","DASS (Anxiety)","Outpatient",111,0.240023447459374,0.00746671736635263,"anxiety"
"212","SlavinMulford2011","Yes","BSI (Anxiety)","Outpatient",21,0.889798693710192,0.075993850364961,"anxiety"
"213","Smout2019","Yes","PSWQ","Outpatient",93,1.03758068690079,0.0143901810851049,"anxiety"
"214","Stiles2003","Yes","BAI","Outpatient",117,0.683098555290157,0.00883172494119444,"anxiety"
"215","Strepparava2016","Yes","SCL (Anxiety)","Outpatient",45,0.593384345339614,0.0243567220143791,"anxiety"
"216","Turner2015","Yes","HADS (Anxiety)","Outpatient",116,0.380272411162813,0.00751985821849819,"anxiety"
"217","Tuschen2001","Yes","HADS (Anxiety)","Outpatient",116,0.367948768208462,0.00748011334494019,"anxiety"
"218","VanRijn2014(Spain)","Yes","Check","Outpatient",263,0.772387843327002,0.00417601327094931,"anxiety"
"219","Waller2018","Yes","GAD-7","Outpatient",93,0.862804409633286,0.0200238249961432,"anxiety"
"220","Westbrook2005","Yes","BAI","Outpatient",423,0.54140828177771,0.00223773395694739,"anxiety"
"221","Wright2015","Yes","GAD-7","Outpatient",24,0.650846620004648,0.048825027557739,"anxiety"
"222","Young2017(BSL)","Yes","GAD-7","Outpatient",428,1.09887162912915,0.00484523230993569,"anxiety"
"223","Young2017(IAPT)","Yes","GAD-7","Outpatient",116,0.870185408025852,0.0159363045014703,"anxiety"
"224","Zieve2019","Yes","Burns AS","Outpatient",358,0.679781120509204,0.0024331038712301,"anxiety"
"225","Aazh20118","Yes","ISI","Outpatient",55,0.567717496000697,0.0174754832296846,"general"
"226","Abbass2002","Yes","BSI-GSI","Outpatient",89,1.22986185970884,0.0190368550222837,"general"
"227","Abbass2008","Yes","BSI-GSI","Outpatient",30,0.675219989320396,0.0342653672329639,"general"
"228","Abbass2009","Yes","BSI-GSI","Outpatient",23,0.582599535477107,0.0379004830160465,"general"
"229","Abbass2013","Yes","BSI-GSI","Residential",23,0.724087994092976,0.0372239874606433,"general"
"230","Abramowiz2003","Yes","Y-BOCS","Outpatient",132,3.06806798286412,0.0417160649525604,"general"
"231","Adamson2020","Yes","WSAS","Outpatient",989,0.935208380974793,0.00105491138313726,"general"
"232","Andrews2011","Yes","CORE (10/OM)","Outpatient",108,1.48705875398091,0.0176451098971817,"general"
"233","Andrews2013","Yes","CORE-10","Outpatient",3885,1.21414999385788,0.000395644814361017,"general"
"234","Archer2000","Yes","GHQ","Outpatient",89,0.586923314697398,0.0109240391985134,"general"
"235","Armstrong2010","Yes","CORE-OM","Outpatient",118,0.707544921719333,0.0089009314247916,"general"
"236","Asnaani2020","Yes","SDS","Outpatient",442,1.13565269742464,0.00326889937688672,"general"
"237","Bäck2017","Yes","EDEQ","Outpatient",31,1.52054381470523,0.063097636974812,"general"
"238","Back2020","Yes","REDS","Outpatient",16,1.21534197450211,0.136658003593334,"general"
"239","Baldwin2009","Yes","OQ-45","Outpatient",4676,0.656947310348101,0.000210091934193071,"general"
"240","Bales2012","Yes","SCL (Global)","Residential",45,1.35863278401326,0.0382875893532848,"general"
"241","Barkham2001(Study3)","Yes","CORE-OM","Outpatient",224,0.870298685916417,0.00526209777390143,"general"
"242","Barkham2012","Yes","CORE-OM","Outpatient",16145,0.811283062585289,0.0000699343514288562,"general"
"243","Barnicot2018(DBT)","Yes","BEST","Residential",58,0.976806981827015,0.0220185506874655,"general"
"244","Barnicot2018(MBT)","Yes","BEST","Residential",32,0.450974041138554,0.0281777747778256,"general"
"245","Baronian2020","Yes","CORE-OM","Outpatient",53,1.27253306099674,0.0303711357672615,"general"
"246","Beail2005","Yes","BSI-GSI","Outpatient",20,0.539949573519892,0.0472886385486078,"general"
"247","Ben-Porath2004","Yes","SCL (Global)","Outpatient",23,0.566857458232787,0.0417679864772638,"general"
"248","Birtchnell2005","Yes","CORE-OM","Outpatient",31,0.733845501469395,0.0344924067746269,"general"
"249","Bjorgvinsson2014","Yes","SOS","Residential",951,0.925988439994745,0.00129203711409248,"general"
"250","Blainey2017","Yes","CORE-OM","Outpatient",81,0.38773120195507,0.0108045400306761,"general"
"251","Boettcher2019","Yes","BSI-GSI","Outpatient",105,1.11,0.0123127619047619,"general"
"252","Bradshaw2009","Yes","OQ-45","Outpatient",78,0.841871687115739,0.0147996662664558,"general"
"253","Brand2020","Yes","CORE-OM","Outpatient",2151,0.919219416514574,0.000568332016666061,"general"
"254","Briggie2016","Yes","BSI-GSI","Outpatient",243,0.506619830724213,0.00670095401827784,"general"
"255","Brunnbauer2016","Yes","CORE-10","Outpatient",74,0.895573667552115,0.016230082391978,"general"
"256","Buckley(Qualified)","Yes","BSI-GSI","Outpatient",60,0.493612477279888,0.0153637773143866,"general"
"257","Buckley(Trainees)","Yes","BSI-GSI","Outpatient",60,0.658149969706517,0.0169430115218724,"general"
"258","Budge2013(Advanced Practicum)","Yes","BHM","Outpatient",169,0.602556390182703,0.0058079118442308,"general"
"259","Budge2013(Beginner Practicum)","Yes","BHM","Outpatient",33,0.82319432737874,0.0345098318277051,"general"
"260","Budge2013(Interns/Postdocs)","Yes","BHM","Outpatient",403,0.755729251485089,0.00269370558504989,"general"
"261","Budge2013(Psychologists)","Yes","BHM","Outpatient",713,0.665964131674565,0.00143303522067115,"general"
"262","Byrne2011","Yes","EDEQ","Outpatient",125,0.745453012074067,0.0086228007728412,"general"
"263","Carney2011","Yes","PSQI","Outpatient",24,0.360987144370474,0.0360481608000156,"general"
"264","Chase2015","Yes","Y-BOCS","Mixed",134,1.70851305322272,0.0168620031829568,"general"
"265","Connell2008","Yes","CORE-OM","Outpatient",323,1.54994958062409,0.00619557848680616,"general"
"266","Cooper2017","Yes","PHQ-15","Outpatient",37,0.364186656765356,0.0234139448779179,"general"
"267","Daig2009","Yes","BMM","Residential",992,0.595508434214337,0.00163035801170384,"general"
"268","Davis2008","Yes","CORE-OM","Outpatient",58,0.971356050008784,0.0298580394473161,"general"
"269","DeJongh2011(CBT)","Yes","HADS","Outpatient",125,1.13,0.01048608,"general"
"270","DeJongh2011(EMDR)","Yes","HADS","Outpatient",59,1.12,0.0220637288135593,"general"
"271","Dennhag2012","Yes","SCL","Outpatient",187,0.597576844828615,0.00523288258148482,"general"
"272","Doorn2014","Yes","CORE-OM","Outpatient",31,2.36169060778803,0.115767460111519,"general"
"273","Douglas2016","Yes","CORE-OM","Outpatient",17,1.21685615966948,0.0906099680389866,"general"
"274","Ehlers2013","Yes","PDS","Outpatient",330,1.87939646599829,0.00777595617637403,"general"
"275","Evans2017","Yes","CORE-OM","Outpatient",925,0.791936570034504,0.00174441271943676,"general"
"276","Fizke2017(2002)","Yes","SCL (Global)","Residential",234,0.858761792835556,0.00499459789921824,"general"
"277","Fizke2017(2010)","Yes","SCL (Global)","Residential",514,0.998537179960594,0.00252633900755219,"general"
"278","Flygare2020","Yes","YBOCS","Outpatient",19,1.98204568810271,0.145486976571751,"general"
"279","Fortune2005","Yes","BSI-GSI","Outpatient",48,0.731649815557933,0.022242827631312,"general"
"280","Fowler2018","Yes","WHO-DAS","Residential",245,1.00345974748072,0.0053202682955389,"general"
"281","Fox2015","Yes","ZAN-BPD","Residential",18,1.28298560455549,0.0901681128193508,"general"
"282","Freuh2009","Yes","SF-36","Outpatient",13,0.956557281560803,0.096730839727192,"general"
"283","Galili-Weinstock2018","Yes","OQ-45","Outpatient",112,0.381582616273185,0.00779288077250843,"general"
"284","Ghafoori2019(CBT)","Yes","PCL","Outpatient",88,1.11224668175532,0.0159607538697485,"general"
"285","Ghafoori2019(Eclectic)","Yes","PCL","Outpatient",95,0.943899638761629,0.014499718568707,"general"
"286","Ghafoori2019(PCT)","Yes","PCL","Outpatient",206,0.948384238000927,0.00728988510409854,"general"
"287","Ghafoori2019(PE)","Yes","PCL","Outpatient",137,1.28218273629395,0.0143649363841249,"general"
"288","Ghilardia2018","Yes","GHQ","Outpatient",39,1.61429948586274,0.0539226003853425,"general"
"289","Gibbard2008","Yes","CORE-OM","Outpatient",697,1.24108486189116,0.00225271996729942,"general"
"290","Gilbert2005","Yes","CORE-OM","Outpatient",553,1.34665169933017,0.00308632079503512,"general"
"291","Gillespie2002","Yes","GHQ","Outpatient",37,1.74956128900457,0.0629860095132883,"general"
"292","Gimeono2019","Yes","ORS","Outpatient",42,1.4534172778352,0.0513859736132129,"general"
"293","Goldberg2016","Yes","OQ-45","Outpatient",6591,0.94,0.000175002275830678,"general"
"294","Graca2014(CPT)","Yes","PCL","Residential",17,1.05512076140359,0.079802347680732,"general"
"295","Graca2014(EMDR)","Yes","PCL","Residential",17,1.15157915673455,0.0860627810066313,"general"
"296","Greasley2005","Yes","CORE-OM","Outpatient",16,0.110717551833315,0.0503830742588738,"general"
"297","Gropalis2012 (Anxiety)","Yes","BSI-GSI","Outpatient",224,0.582878929282144,0.00432979429955602,"general"
"298","Gropalis2012 (Hypercondriasis)","Yes","BSI-GSI","Outpatient",65,0.436441201547137,0.0137729301723685,"general"
"299","Gropalis2012 (Somatoform)","Yes","BSI-GSI","Outpatient",94,0.716192719815389,0.011239000063386,"general"
"300","Guthrie2004","Yes","CORE-OM","Outpatient",41,1.29257638314676,0.0398872403203507,"general"
"301","Haase2008","Yes","SCL (Global)","Residential",158,1.16,0.00846987341772152,"general"
"302","Hahlweg2001","Yes","SCL (Global)","Outpatient",401,0.831769693095735,0.0029075321974471,"general"
"303","Halje2015","Yes","GHQ","Outpatient",604,0.64,0.00159576158940397,"general"
"304","Harte2016(OCD)","Yes","Y-BOCS","Outpatient",20,1.12942591510748,0.0718900724429091,"general"
"305","Harte2016(OCD+PD)","Yes","Y-BOCS","Outpatient",4,-0.57353435,0.241117706981087,"general"
"306","Haugen2017","Yes","OQ-45","Outpatient",32,0.587946352097456,0.030401264264761,"general"
"307","Hilsenroth2003","Yes","SCL (Global)","Outpatient",20,0.930822160411397,0.0616607473578235,"general"
"308","Hiney-Saunders2019","Yes","EDEQ","Residential",44,1.33127597770236,0.0360033605546293,"general"
"309","Hitt2018","Yes","WSAS","Outpatient",74,2.14624252069716,0.0419348443084359,"general"
"310","Holmqvist2013","Yes","CORE-OM","Outpatient",667,1.36431486111924,0.00259471892074274,"general"
"311","Houghton2010","Yes","YBOCS","Outpatient",37,1.2,0.0371891891891892,"general"
"312","Jakupcak2010","Yes","PCL","Outpatient",6,1.87,0.439752,"general"
"313","Jenkins2019","Yes","CORE-OM","Outpatient",63,1.2864495865603,0.0258329566568346,"general"
"314","Jepsen2009","Yes","Check","Residential",34,0.390827969652542,0.0257756838509225,"general"
"315","Jepsen2014","Yes","SCL (Global)","Residential",56,0.449887078544759,0.0123071284235852,"general"
"316","Johansson2014","Yes","SCL (Global)","Outpatient",412,0.905010990413935,0.00288233603491506,"general"
"317","Jolley2015a","Yes","CORE-10","Outpatient",45,0.574244026329297,0.0214417355752765,"general"
"318","Jolley2015b","Yes","CORE-OM","Outpatient",9,0.749051702412341,0.120059914049268,"general"
"319","Jones2012","Yes","WSAS","Outpatient",17,0.872187649142552,0.0694326851563768,"general"
"320","Kaplinski2014","Yes","OQ-45","Outpatient",213,0.439454597929752,0.0042092026846047,"general"
"321","Kellett2013","Yes","CORE-OM","Residential",17,0.746755660548225,0.0634601181341416,"general"
"322","Knoop2007","Yes","SF-36","Outpatient",96,1.27256456075565,0.0167678154233917,"general"
"323","Kobori2014(BN)","Yes","BITE-SS","Outpatient",10,1.22775248313252,0.155368807991903,"general"
"324","Kobori2014(OCD)","Yes","OCI","Outpatient",14,1.05,0.09,"general"
"325","Kobori2014(SAD)","Yes","LSAS","Outpatient",19,1.07653790520864,0.0726035226671316,"general"
"326","Kolly2015","Yes","OQ-45","Outpatient",13,0.0908247712333677,0.0618557361180613,"general"
"327","Kramer2013","Yes","OQ-45","Outpatient",13,0.625461122038461,0.0765846775069851,"general"
"328","Kvarstein2015","Yes","BSI-GSI","Residential",64,1.48205976622082,0.0296601652394572,"general"
"329","Levitt2007","Yes","SAS","Outpatient",59,0.54,0.0155362711864407,"general"
"330","Liness2019","Yes","OCI","Outpatient",191,1.46,0.003386,"general"
"331","LoSavio2019","Yes","PCL","Outpatient",232,1.57028122457772,0.00876246362987353,"general"
"332","Lunnen2008","Yes","OQ-45","Outpatient",66,-0.03706072,0.0121316174035078,"general"
"333","Lutz2016","Yes","BSI-GSI","Outpatient",574,0.881197440750642,0.0024624642243776,"general"
"334","Marriott2009(MediumCAT)","Yes","BSI-GSI","Outpatient",27,1.02726970949719,0.0491719084453787,"general"
"335","Marriott2009(MediumCBT)","Yes","BSI-GSI","Outpatient",27,1.38882098393256,0.0653485875076187,"general"
"336","Marriott2009(MediumPCT)","Yes","BSI-GSI","Outpatient",25,0.885362499152198,0.0476773350981005,"general"
"337","Marriott2009(ShortCAT)","Yes","BSI-GSI","Outpatient",38,0.964726621623287,0.0332986507166932,"general"
"338","Marriott2009(ShortCBT)","Yes","BSI-GSI","Outpatient",38,1.89383256798664,0.068244760467985,"general"
"339","Marriott2009(ShortPCT)","Yes","BSI-GSI","Outpatient",38,0.756939349273656,0.0285915418220898,"general"
"340","McHugh2014","Yes","CORE-OM","Outpatient",31,0.833671507683368,0.0370162610116623,"general"
"341","McHugh2016","Yes","CORE-OM","Outpatient",48,1.35292142618256,0.0357332956814984,"general"
"342","McKenzie2003(1997-1998)","Yes","Y-BOCS","Residential",51,1.26631535438001,0.0314073978111624,"general"
"343","McLeod(EAP)","Yes","MHI-5","Outpatient",235,0.687471649706866,0.00440982397691634,"general"
"344","McLeod(Low-Income)","Yes","MHI-5","Outpatient",262,0.961593543623181,0.00481805752507211,"general"
"345","Mellor2013","Yes","CORE-OM","Outpatient",17520,1.4308871584373,0.000104093551945798,"general"
"346","Minami2008","Yes","OQ-30","Outpatient",5704,0.743599670533704,0.000223995482995953,"general"
"347","Mitsopoulou2020","Yes","WSAS","Outpatient",11,1.19063949426205,0.137164654786208,"general"
"348","Morley2008","Yes","PSEQ","Residential",831,0.824065033264111,0.00161196340496304,"general"
"349","Mullin2017","Yes","SCL (Global)","Outpatient",75,0.771727767518238,0.0146370916477246,"general"
"350","Murray2016","Yes","CORE-OM","Outpatient",305,1.24189202972431,0.00515130461228324,"general"
"351","Nordmo2020","Yes","SCL (Global)","Outpatient",362,0.85,0.00300828729281768,"general"
"352","Owen2011","Yes","SCL (Global)","Outpatient",68,1.19332742298033,0.0222355171943887,"general"
"353","Paley2008","Yes","CORE-OM","Outpatient",62,0.923926737130348,0.0197874243192285,"general"
"354","Pereira2017","Yes","WSAS","Outpatient",4980,0.362541214725904,0.000173838969113949,"general"
"355","Plagge2013","Yes","PCL","Outpatient",30,0.840205869063841,0.0384324317068221,"general"
"356","Prout2016","Yes","OQ-45","Outpatient",199,0.710702582830023,0.00528919135990268,"general"
"357","Rauch2009","Yes","Check","Outpatient",10,2.14365715358747,0.309763299606337,"general"
"358","Reese2014","Yes","ORS","Outpatient",5176,0.709811428751851,0.000203229546405211,"general"
"359","Reiss(Study1)","Yes","SCL (Global)","Residential",41,2.36478599819113,0.087709912405376,"general"
"360","Reiss(Study2)","Yes","SCL (Global)","Residential",36,1.70475302808736,0.062585873427403,"general"
"361","Reiss(Study3)","Yes","BSL","Residential",15,0.724391510578455,0.0708247686866045,"general"
"362","Reuber2007","Yes","CORE-OM","Outpatient",63,0.330563261594536,0.0135656513485398,"general"
"363","Reuter2016","Yes","SCL (Global)","Residential",546,1.20468820379846,0.0029407268025377,"general"
"364","Rizvi2017","Yes","BSI-GSI","Outpatient",50,1.09909080249619,0.0280800059213172,"general"
"365","Rocco2014","Yes","SCL (Global)","Outpatient",8,1.758279225393,0.293221614653037,"general"
"366","Ronnestad2019","Yes","OQ-45","Outpatient",48,0.927630243006512,0.025630186122295,"general"
"367","Rose2017","Yes","EDEQ","Outpatient",47,0.37980268062047,0.0421728731511329,"general"
"368","Roseborough2006","Yes","OQ-45","Outpatient",164,0.41,0.01,"general"
"369","Rosenberg2004","Yes","PCL","Outpatient",13,0.956557281560803,0.096730839727192,"general"
"370","Rothbaum2000","Yes","Y-BOCS","Outpatient",23,2.42720329686583,0.162854692267747,"general"
"371","Ryle2000","Yes","SCL (Global)","Outpatient",27,0.626735978001765,0.0369036664096635,"general"
"372","Samstag2019","Yes","SCL (Global)","Outpatient",30,0.619738626561553,0.0380679327542067,"general"
"373","Sanders2015","Yes","CA-COM (Distress)","Outpatient",304,1.1,0.00422368421052632,"general"
"374","Scheeres2008","Yes","SF-36","Outpatient",112,0.667858484027065,0.00913408461913808,"general"
"375","Schnicker2013(AN)","Yes","BSI-GSI","Outpatient",23,0.64363377252709,0.0437883572421186,"general"
"376","Schnicker2013(BN)","Yes","BSI-GSI","Outpatient",32,1.13817258001635,0.0452412003422042,"general"
"377","Schulz2006","Yes","PSS","Outpatient",53,3.29398505396745,0.117456014488311,"general"
"378","Sembill2019","Yes","FEP","Outpatient",313,1.09,0.00407424920127796,"general"
"379","Shepherd2005","Yes","CORE-OM","Outpatient",458,1.17198525991409,0.00324623302342347,"general"
"380","Signorini2018","Yes","EDEQ","Outpatient",108,0.72356062102927,0.0098312035754827,"general"
"381","SlavinMulford2011","Yes","BSI-GSI","Outpatient",21,0.815207231983684,0.0720134007399643,"general"
"382","Smout2019","Yes","K10","Outpatient",210,0.886238676403273,0.00558433093226911,"general"
"383","Steinert2015","Yes","SCL (Global)","Residential",254,0.903560387115237,0.00475673498654299,"general"
"384","Steinert2019","Yes","SCL (Global)","Residential",709,0.998940241370894,0.00176155261342041,"general"
"385","Stiles2003","Yes","CORE-OM","Outpatient",135,0.834577970519934,0.00850563106991545,"general"
"386","Stiles2015","Yes","CORE-OM","Outpatient",26430,1.88735101897302,0.000114303705426003,"general"
"387","Strepparava2016","Yes","CORE-OM","Outpatient",45,0.858635589241958,0.0259695008345876,"general"
"388","Stulz2013","Yes","BHM","Outpatient",6375,1.26072119755578,0.000250150426507174,"general"
"389","Talbot2005","Yes","SAS-SR","Outpatient",25,0.494063894616182,0.0368819826392662,"general"
"390","Trockel2015","Yes","ISI","Outpatient",405,2.25162315430579,0.00823432941852585,"general"
"391","Tuschen2001","Yes","CORE-OM","Outpatient",110,0.606083576604198,0.00894244228104244,"general"
"392","VanRijn2014(Spain)","Yes","CORE 10","Outpatient",263,0.751957994039768,0.00411680765171162,"general"
"393","VanWoudenberg2018","Yes","PSS","Residential",315,2.09064198100948,0.0115726728456496,"general"
"394","Vescovelli2007","Yes","CORE-OM","Outpatient",149,1.02754283138924,0.00891222909509869,"general"
"395","VonBrachel2019","Yes","BSI-GSI","Outpatient",216,0.628565883551983,0.00461827562492011,"general"
"396","Waller2013","Yes","CORE-OM","Outpatient",12,1.01646769927585,0.109716940986298,"general"
"397","Waller2014","Yes","EDI","Outpatient",78,0.613211300193041,0.0232053083249003,"general"
"398","Waller2018","Yes","EDEQ","Outpatient",93,1.65303648574602,0.0244114495871373,"general"
"399","Warren2001","Yes","Y-BOCS","Outpatient",19,1.9425568092652,0.141408604137436,"general"
"400","Werbart2012","Yes","SCL (Global)","Residential",14,1.36870177086713,0.134333733484814,"general"
"401","Wilkinson2017","Yes","PCL","Outpatient",26,1.152,0.0511862153846154,"general"
"402","Winter2003Study2)","Yes","CORE-OM","Outpatient",232,1.05904596297467,0.00586547058554515,"general"
"403","Wiseman2014","Yes","OQ-45","Outpatient",58,0.861910152556124,0.0218869750955114,"general"
"404","Wolf2018","Yes","PCL","Mixed",44,2.88952634355026,0.11306093738717,"general"
"405","Worm-Smeitink2016(England)","Yes","WSAS","Outpatient",129,0.661356227125352,0.00789686844634682,"general"
"406","Worm-Smeitink2016(Netherlands)","Yes","WSAS","Outpatient",217,1.82040906713864,0.0113223252804622,"general"
"407","Ybrandt","Yes","CORE-OM","Outpatient",734,1.07297465220077,0.00187416526176114,"general"
"408","Zeeck2015","Yes","SCL (Global)","Mixed",478,0.896891791140981,0.00251507833160677,"general"
